epoch,train_loss,test_loss,test_auc
1,0.14808965182002587,0.12113223306070535,0.4054275074213158
2,0.10951998565770403,0.10210623315129524,0.5367682261335265
