epoch,train_loss,test_loss,test_auc
1,0.18344429927536204,0.12670422579424503,0.5052553347858193
2,0.11093656395715248,0.10181474504180443,0.636475047904702
